0,Eugene,Clark
1,Henry,Lopez
2,Ronald,Parker
3,Richard,Taylor
4,Howard,Howard
5,Johnny,Bryant
6,Jose,Ward
7,Douglas,Walker
8,Donald,Bennett
9,Gary,Lewis
10,Joe,Miller
11,Benjamin,Adams
12,Charles,Anderson
13,Russell,Murphy
14,Raymond,Torres
15,Chris,Foster
16,Willie,Martin
17,Steven,Washington
18,Jeremy,Diaz
19,Amal,Bell
20,Christina,Mitchell
21,Sean,Wright
22,Nicholas,Wood
23,Edward,Collins
24,Roger,Brown
25,Louis,Carter
26,Aaron,Reed
27,Victor,Perez
28,William,Harris
29,Peter,Alexander
30,Eric,Cook
31,Bobby,Phillips
32,Joshua,Russell
33,Stephen,Gonzales
34,Paul,Garcia
35,Dennis,Stewart
36,Gregory,Rivera
37,Clarence,King
38,Steve,Nelson
39,David,Johnson
40,Lawrence,Allen
41,Martin,Campbell
42,Robert,Powell
43,Scott,Butler
44,Samuel,Williams
45,John,Hill
46,Wayne,Hughes
47,Jonathan,Robinson
48,Alan,Thomas
49,Arthur,Peterson
50,Billy,Kelly
51,George,Simmons
52,Shawn,Smith
53,Jeffrey,Flores
54,Kenneth,Richardson
55,Albert,Watson
56,Ralph,Hernandez
57,Fred,Davis
58,Frank,Green
59,Mark,Long
60,Joseph,Edwards
61,Jason,Morgan
62,Justin,Griffin
63,Todd,Baker
64,Jerry,Wilson
65,Gerald,Ramirez
66,Michael,Martinez
67,Lisa,Rogers
68,Kevin,Turner
69,Thomas,Price
70,Daniel,Cox
71,Ryan,Roberts
72,Jimmy,Morris
73,Larry,Hall
74,Celeste,Ross
75,Randy,Young
76,Earl,White
77,Christopher,Coleman
78,Jesse,Perry
79,Walter,Brooks
80,Harold,Gray
81,Jack,Jackson
82,Nikita,Sanders
83,Juan,Jenkins
84,Andrew,Rodriguez
85,Phillip,Patterson
86,Harry,Gonzalez
87,Bruce,Lee
88,Timothy,Barnes
89,Brandon,Jones
90,Adam,James
91,Carl,Cooper
92,Terry,Bailey
93,Patrick,Evans
94,Roy,Sanchez
95,Philip,Thompson
96,Anthony,Scott
97,Craig,Henderson
98,James,Moore
99,Max,Susan
100,Shirley,Price
101,Wanda,Flores
102,Teresa,Howard
103,Jane,White
104,Amanda,Wright
105,Emily,Gonzalez
106,Kathleen,Lewis
107,Kathryn,Hughes
108,Lori,Foster
109,Barbara,Johnson
110,Mary,Gonzales
111,Norma,Walker
112,Gloria,Clark
113,Mildred,King
114,Deborah,Baker
115,Judith,Morgan
116,Pamela,Rivera
117,Rachel,Davis
118,Rebecca,Murphy
119,Kelly,Miller
120,Lois,Anderson
121,Sarah,Sanchez
122,Judy,Brown
123,Jean,Thomas
124,Brenda,Allen
125,Theresa,Garcia
